id_gs,idco,nombre_coautor,dominio,cargo
TcfgAAMAAAAJ,nQ_TNGwAAAAJ,Keivan G. Stassun,Dirección de correo verificada de vanderbilt.edu,"Professor of Physics and Astronomy, Vanderbilt University"
TcfgAAMAAAAJ,ZOSXByoAAAAJ,Gabriel A. P. Franco,Dirección de correo verificada de fisica.ufmg.br,"Departamento de Fisica, ICEx, UFMG"
TcfgAAMAAAAJ,bdl7BsgAAAAJ,Jacques Lepine,Dirección de correo verificada de iag.usp.br,"Professor of Astronomy, University of Sao Paulo"
TcfgAAMAAAAJ,5OP39wwAAAAJ,Roberto Ortiz,Dirección de correo verificada de usp.br,"Professor de Astronomia, Universidade de São Paulo"
TcfgAAMAAAAJ,SIUFK0kAAAAJ,Alberto Rodríguez-Ardila,Dirección de correo verificada de lna.br,Laboratório Nacional de Astrofísica
TcfgAAMAAAAJ,iG_BJ8cAAAAJ,Diego Falceta-Gonçalves,Dirección de correo verificada de usp.br,Full Professor at the University of São Paulo
TcfgAAMAAAAJ,5U4toWkAAAAJ,Benoit Neichel,Dirección de correo verificada de lam.fr,Laboratoire d'Astrophysique de Marseille
FcH8Zc8AAAAJ,kXhEFMkAAAAJ,Domingo Anibal Garcia Hernandez,Dirección de correo verificada de iac.es,"Científico Titular, Instituto de Astrofísica de Canarias, Universidad de La Laguna"
FcH8Zc8AAAAJ,IP0KMQwAAAAJ,José G. Fernández-Trincado,Dirección de correo verificada de ucn.cl,Universidad Católica del Norte (Chile)
FcH8Zc8AAAAJ,Yr5IIFEAAAAJ,Joel R. Brownstein,Dirección de correo verificada de physics.utah.edu,University of Utah
FcH8Zc8AAAAJ,36p6QzkAAAAJ,David R. Law,Dirección de correo verificada de stsci.edu,STScI
FcH8Zc8AAAAJ,A49XqFYAAAAJ,Carlos G. Román-Zúñiga,Dirección de correo verificada de astro.unam.mx,"Investigador Titular, Instituto de Astronomía, Universidad Nacional Autónoma de México"
FcH8Zc8AAAAJ,nQ_TNGwAAAAJ,Keivan G. Stassun,Dirección de correo verificada de vanderbilt.edu,"Professor of Physics and Astronomy, Vanderbilt University"
FcH8Zc8AAAAJ,wLhyxFAAAAAJ,Renbin Yan,Dirección de correo verificada de cuhk.edu.hk,The Chinese University of Hong Kong
R9ntLLQAAAAJ,sjUP6dsAAAAJ,Fernando Valladares,Dirección de correo verificada de ccma.csic.es,"Research Professor at CSIC, Madrid, Spain"
R9ntLLQAAAAJ,XEDUFHkAAAAJ,Cristian Salgado-Luarte,Dirección de correo verificada de userena.cl,Universidad de La Serena
R9ntLLQAAAAJ,jzt0JowAAAAJ,Marco A. Molina-Montenegro,Dirección de correo verificada de utalca.cl,Full Professor
R9ntLLQAAAAJ,rbm0YeIAAAAJ,Alfredo Saldaña,Dirección de correo verificada de udec.cl,"Depto. de Botánica, Universidad de Concepción, Chile."
R9ntLLQAAAAJ,L5bep3EAAAAJ,Rodrigo S Rios,Dirección de correo verificada de userena.cl,"Associate professor, Universidad de La Serena"
R9ntLLQAAAAJ,O99LeZsAAAAJ,Gisela C. Stotz,Dirección de correo verificada de unab.cl,Universidad Andrés Bello
R9ntLLQAAAAJ,6xRDyPAAAAAJ,Silvia Matesanz,Dirección de correo verificada de urjc.es,Associate Professor (URJC)
R9ntLLQAAAAJ,6v1fZoIAAAAJ,Marcia González-Teuber,Dirección de correo verificada de ucsc.cl,UCSC
R9ntLLQAAAAJ,BWox9YYAAAAJ,Víctor Manuel Escobedo Echeverría,Dirección de correo verificada de utalca.cl,Universidad de Talca
R9ntLLQAAAAJ,XIaSoXMAAAAJ,Susana Gómez-González,Dirección de correo verificada de uca.es,Universidad de Cádiz
R9ntLLQAAAAJ,wuVKFgYAAAAJ,Daniel Naya,Dirección de correo verificada de fcien.edu.uy,"Associate Professor, Ecology and Evolution, Universidad de la República"
R9ntLLQAAAAJ,_-e3ImsAAAAJ,Patricia C. Guerra,Dirección de correo verificada de userena.cl,Universidad de La Serena
R9ntLLQAAAAJ,Rlh3Pm4AAAAJ,Sandra M Durán,Dirección de correo verificada de umn.edu,University of Minnesota
R9ntLLQAAAAJ,FkzNNAUAAAAJ,Kattia Palacio-Lopez,Dirección de correo verificada de osu.edu,The Ohio State University
R9ntLLQAAAAJ,XCH4AZwAAAAJ,Alejandro G. Farji-Brener,Dirección de correo verificada de crub.uncoma.edu.ar,"CONICET y CRUB-UNComa, Argentina"
R9ntLLQAAAAJ,fT99RewAAAAJ,Lohengrin Cavieres,Dirección de correo verificada de udec.cl,Universidad de Concepcion
R9ntLLQAAAAJ,wJZsuVsAAAAJ,Francisco Bozinovic,Dirección de correo verificada de bio.puc.cl,"CAPES & Departamento de Ecología, Universidad Católica de Chile"
R9ntLLQAAAAJ,ietkFRgAAAAJ,James (JC) Cahill,Dirección de correo verificada de ualberta.ca,"Department of Biological Sciences, University of Alberta"
R9ntLLQAAAAJ,n27kvJwAAAAJ,Diego Vázquez,Dirección de correo verificada de mendoza-conicet.gob.ar,"Instituto Argentino de Investigaciones de las Zonas Áridas, CONICET and Universidad Nacional de Cuyo"
R9ntLLQAAAAJ,PJxUrloAAAAJ,Ian S. Acuña-Rodríguez,Dirección de correo verificada de ecotropics.org,Ecotropics Foundation
tuNjt5gAAAAJ,4Ip8XzkAAAAJ,Laura Pentericci,Dirección de correo verificada de oa-roma.inaf.it,INAF
tuNjt5gAAAAJ,HuG4B4oAAAAJ,Nimish P. Hathi,Dirección de correo verificada de stsci.edu,Space Telescope Science Institute (STScI)
tuNjt5gAAAAJ,mq6cQ3QAAAAJ,Anton M. Koekemoer,Dirección de correo verificada de stsci.edu,Space Telescope Science Institute
tuNjt5gAAAAJ,PQyB-zEAAAAJ,Jose M. Vilchez,Dirección de correo verificada de iaa.es,"Research Professor - Instituto de Astrofisica de Andalucia (CSIC, Spain)"
tuNjt5gAAAAJ,QOn-wRYAAAAJ,Lucia Guaita,Dirección de correo verificada de mail.udp.cl,Universidad Diego Portales
tuNjt5gAAAAJ,XWDJxcAAAAAJ,Sandro Bardelli,Dirección de correo verificada de inaf.it,INAF-Osservatorio di Astrofisica e Scienza dello Spazio
tuNjt5gAAAAJ,Wf2ymHkAAAAJ,James S. Dunlop,Dirección de correo verificada de roe.ac.uk,"Professor of Extragalactic Astronomy, University of Edinburgh"
tuNjt5gAAAAJ,o0z1qgQAAAAJ,Fergus Cullen,Dirección de correo verificada de roe.ac.uk,"Postdoctoral Associate, University of Edinburgh"
tuNjt5gAAAAJ,Vg7eMUsAAAAJ,Casiana Muñoz-Tuñon,Dirección de correo verificada de iac.es,"Senior Research , Instituto de Astrofísica de Canarias (IAC), Universidad de la Laguna (ULL)"
tuNjt5gAAAAJ,zo6QsTAAAAAJ,Kasper B. Schmidt,Dirección de correo verificada de aip.de,Leibniz-Institut für Astrophysik Potsdam (AIP)
tuNjt5gAAAAJ,cF5CldkAAAAJ,Marusa Bradac,Dirección de correo verificada de physics.ucdavis.edu,"Professor, Physics Department, UCDavis"
tuNjt5gAAAAJ,U6ExNJkAAAAJ,Austin Hoag,Dirección de correo verificada de ucdavis.edu,"Postdoctoral Scholar, UCLA"
tuNjt5gAAAAJ,MyqMuWEAAAAJ,Roberto Maiolino,Dirección de correo verificada de mrao.cam.ac.uk,"Cavendish Laboratory - Kavli Institute for Cosmology, University of Cambridge"
tuNjt5gAAAAJ,o4MuRUEAAAAJ,Kuang-Han Huang,Dirección de correo verificada de ucdavis.edu,University of California Davis
tuNjt5gAAAAJ,7XOH-KkAAAAJ,Andrea Comastri,Dirección de correo verificada de inaf.it,"Senior Astronomer, Director INAF Astrophysics and Space Science Observatory,  Bologna"
tuNjt5gAAAAJ,FHu8_fAAAAAJ,Sandra Faber,Dirección de correo verificada de ucsc.edu,"Professor Emerita, University of California Santa Cruz"
tuNjt5gAAAAJ,f7yH4MMAAAAJ,Henry Ferguson,Dirección de correo verificada de stsci.edu,Space Telescope Science Institute
tuNjt5gAAAAJ,Ox7wIPAAAAAJ,David Elbaz,Dirección de correo verificada de cea.fr,Astronomer at CEA Saclay astrophysics department
tuNjt5gAAAAJ,Zc8npDEAAAAJ,N. Cappelluti,Dirección de correo verificada de miami.edu,University of Miami
tuNjt5gAAAAJ,fkXHjKkAAAAJ,Stefano Cristiani,Dirección de correo verificada de inaf.it,INAF
f4KcEYUAAAAJ,82dFPBsAAAAJ,Roberto Gamen,Dirección de correo verificada de fcaglp.unlp.edu.ar,Investigador independiente del CONICET. Profesor adjunto de la Universidad Nacional de La Plata
f4KcEYUAAAAJ,hibFV6gAAAAJ,Julia I. Arias,Dirección de correo verificada de dfuls.cl,Universidad de La Serena
f4KcEYUAAAAJ,DGrbk28AAAAJ,Alfredo Sota,Dirección de correo verificada de iaa.es,Instituto de Astrofísica de Andalucía
f4KcEYUAAAAJ,PZUi8p0AAAAJ,Virpi Sinikka Niemela,Dirección de correo verificada de fcaglp.unlp.edu.ar,"Astrónoma, UNLP"
f4KcEYUAAAAJ,ejYvw6AAAAAJ,Monica Rubio,Dirección de correo verificada de das.uchile.cl,"Professor Astronomy Department, Universidad de Chile"
f4KcEYUAAAAJ,Y4_U6xgAAAAJ,Ignacio Negueruela,Dirección de correo verificada de ua.es,Universidad de Alicante
f4KcEYUAAAAJ,sy_ljL8AAAAJ,Hugues Sana,Dirección de correo verificada de kuleuven.be,KU Leuven
f4KcEYUAAAAJ,tJAH9DkAAAAJ,Guillermo Bosch,Dirección de correo verificada de fcaglp.unlp.edu.ar,"Profesor de Óptica Astronómica, Universidad Nacional de La Plata"
f4KcEYUAAAAJ,ybCtvaQAAAAJ,Anne Pellerin,Dirección de correo verificada de geneseo.edu,"Assistant Professor, SUNY Geneseo"
f4KcEYUAAAAJ,zx8j8PAAAAAJ,Eduardo Fernández Lajús,Dirección de correo verificada de fcaglp.unlp.edu.ar,Facultad de Ciencias Astrnómicas y Geofísicas- UNLP. Instituto de Astrofísica de La Plata-Conicet
f4KcEYUAAAAJ,gmkKULoAAAAJ,Yaël Nazé,Dirección de correo verificada de uliege.be,"FNRS, Université de Liège"
f4KcEYUAAAAJ,IEFF3xMAAAAJ,Paul A Crowther,Dirección de correo verificada de sheffield.ac.uk,University of Sheffield
f4KcEYUAAAAJ,_CoQbK4AAAAJ,Selma E. de Mink,Dirección de correo verificada de mpa-garching.mpg.de,Max Planck Institute for Astrophysics
f4KcEYUAAAAJ,X0uiUAYAAAAJ,Gregg A. Wade,Dirección de correo verificada de rmc.ca,"Professor of Physics, Dean of Science, Royal Military College of Canada"
f4KcEYUAAAAJ,TcfgAAMAAAAJ,Alexandre Roman-Lopes,Dirección de correo verificada de userena.cl,Universidad de La Serena
f4KcEYUAAAAJ,fXWbLcgAAAAJ,Norberto Castro,Dirección de correo verificada de aip.de,Instituto Leibniz de Astrofísica Potsdam
f4KcEYUAAAAJ,MXUgx88AAAAJ,Fabian Schneider,Dirección de correo verificada de physics.ox.ac.uk,"Postdoctoral Research Fellow, University of Oxford"
f4KcEYUAAAAJ,wPxAfh8AAAAJ,Wolfgang Brandner,Dirección de correo verificada de mpia.de,Max Planck Institute for Astronomy
f4KcEYUAAAAJ,SeIaOiQAAAAJ,Veronique Petit,Dirección de correo verificada de udel.edu,"Assistant Professor of Physics and Astronomy, University of Delaware"
f4KcEYUAAAAJ,XFzP5UEAAAAJ,João Rodrigo Souza Leão,Dirección de correo verificada de pesquisador.cnpq.br,"Professor of Physics at UFRN, School of Sciences and Technology"
hvNiAtUAAAAJ,6C6j7FsAAAAJ,Peter L. Meserve,Dirección de correo verificada de uidaho.edu,University of Idaho
hvNiAtUAAAAJ,wehnRfwAAAAJ,Fabian M Jaksic,Dirección de correo verificada de bio.puc.cl,"Professor of Ecology, Catholic University of Chile"
hvNiAtUAAAAJ,U2ypDCQAAAAJ,Francisco A. Squeo,Dirección de correo verificada de userena.cl,Profesor Titular (ULS)
hvNiAtUAAAAJ,tSYEcacAAAAJ,Milena Holmgren,Dirección de correo verificada de wur.nl,"Associate Professor, Wageningen University"
hvNiAtUAAAAJ,M8tYwOoAAAAJ,Mauricio Lima,Dirección de correo verificada de bio.puc.cl,"Departamento de Ecologia, Facultad de Ciencias Biológicas, Pontificia Universidad Católica de Chile"
hvNiAtUAAAAJ,XNYtQyUAAAAJ,Juan J. Armesto,Dirección de correo verificada de bio.puc.cl,"Professor, Pontificia Universidad Católica de Chile"
hvNiAtUAAAAJ,WnAjZfMAAAAJ,Victor Lagos,Dirección de correo verificada de conaf.cl,CONAF
hvNiAtUAAAAJ,Bj1Ln-IAAAAJ,Sonia Graham,Dirección de correo verificada de uow.edu.au,University of Wollongong
hvNiAtUAAAAJ,zb1iVAEAAAAJ,Mike Letnic,Dirección de correo verificada de unsw.edu.au,"Professor, School of Biological, Earth and Environmental Sciences, University of New South Wales"
hvNiAtUAAAAJ,wCVE3TMAAAAJ,Chris Dickman,Dirección de correo verificada de sydney.edu.au,Professor in Terrestrial Ecology
hvNiAtUAAAAJ,9locSucAAAAJ,Paul Stapp,Dirección de correo verificada de fullerton.edu,"Professor of Biological Science, California State University Fullerton"
hvNiAtUAAAAJ,cXmbPusAAAAJ,marten scheffer,Dirección de correo verificada de wur.nl,Wageningen University
hvNiAtUAAAAJ,RyB1baIAAAAJ,Exequiel Ezcurra,Dirección de correo verificada de ucr.edu,"Professor of Ecology, University of California Riverside"
hvNiAtUAAAAJ,yIGxPtgAAAAJ,Frits Mohren,Dirección de correo verificada de wur.nl,"Professor of Forest Ecology and Forest Management, Wageningen University"
hvNiAtUAAAAJ,B0JgDB4AAAAJ,Pablo A. Marquet,Dirección de correo verificada de bio.puc.cl,"Professor of Ecology, Pontificia Universidad Catolica de Chile & The Santa Fe Institute"
hvNiAtUAAAAJ,DF0i3-cAAAAJ,Matthew Forister,Dirección de correo verificada de unr.edu,"University of Nevada, Reno"
hvNiAtUAAAAJ,grX5hcgAAAAJ,Milagros A. Jimenez,Dirección de correo verificada de bio.puc.cl,PUC
hvNiAtUAAAAJ,b3y2fQUAAAAJ,Ricardo Rozzi,Dirección de correo verificada de unt.edu,"Professor, Dep. of Philosophy, University of North Texas (USA) & Inst. of Ecology and Biodiversity"
hvNiAtUAAAAJ,mQyS9wcAAAAJ,Christopher B. Anderson,Dirección de correo verificada de untdf.edu.ar,"Investigador Independiente, Centro Austral de Investigaciones Científicas & Profesor Asociado"
hvNiAtUAAAAJ,wJZsuVsAAAAJ,Francisco Bozinovic,Dirección de correo verificada de bio.puc.cl,"CAPES & Departamento de Ecología, Universidad Católica de Chile"
EjvA3x4AAAAJ,ymyYqB4AAAAJ,Yadvinder Malhi,Dirección de correo verificada de ouce.ox.ac.uk,"Professor of Ecosystem Science, University of Oxford"
EjvA3x4AAAAJ,dBXZyvIAAAAJ,Dan Metcalfe,Dirección de correo verificada de umu.se,Umeå University
EjvA3x4AAAAJ,tG9tnFgAAAAJ,Patrick Meir,Dirección de correo verificada de ed.ac.uk,"University of Edinburgh UK and Australian National University, Australia"
EjvA3x4AAAAJ,5I08jB8AAAAJ,Christopher E Doughty,Dirección de correo verificada de nau.edu,Northern Arizona University
EjvA3x4AAAAJ,YYmsAhcAAAAJ,Luiz Aragao,Dirección de correo verificada de inpe.br,National Institute for Space Research
EjvA3x4AAAAJ,iGWKUVwAAAAJ,Miles R. Silman,Dirección de correo verificada de wfu.edu,"Professor of Biology, Wake Forest University"
EjvA3x4AAAAJ,a_5RcnwAAAAJ,Carlos Alberto Quesada,Dirección de correo verificada de inpa.gov.br,Pesquisador Instituto Nacional de Pesquisas da Amazônia
EjvA3x4AAAAJ,L-xs06gAAAAJ,Joshua B. Fisher,Dirección de correo verificada de chapman.edu,Chapman University; UCLA
EjvA3x4AAAAJ,0A7w0cAAAAAJ,Toby Richard Marthews,Dirección de correo verificada de ceh.ac.uk,UK Centre for Ecology & Hydrology
EjvA3x4AAAAJ,EL6VgboAAAAJ,Joshua Rapp,Dirección de correo verificada de ucdavis.edu,"Postdoctoral Scholar, Department of Evolution and Ecology, University of California, Davis"
EjvA3x4AAAAJ,JXOY0gwAAAAJ,Ted R. Feldpausch,Dirección de correo verificada de exeter.ac.uk,"College of Life and Environmental Sciences, University of Exeter"
EjvA3x4AAAAJ,W6GiXPQAAAAJ,Jerome Chave,Dirección de correo verificada de univ-tlse3.fr,Centre National de la Recherche Scientifique
EjvA3x4AAAAJ,dBWKnb8AAAAJ,Marjan van de Weg,Dirección de correo verificada de abertay.ac.uk,Lecturer
EjvA3x4AAAAJ,lXyfogIAAAAJ,Eurídice N. Honorio Coronado,Dirección de correo verificada de st-andrews.ac.uk,Research Fellow
J7Ofmm8AAAAJ,bJNikYQAAAAJ,Eleazar Rodrigo Carrasco,Dirección de correo verificada de noirlab.edu,"Associate Astronomer, Gemini Observatory/NSF's NOIRLab"
J7Ofmm8AAAAJ,XrrlfKgAAAAJ,Bruno O. Sánchez,Dirección de correo verificada de duke.edu,"Astronomy Postdoc, Duke University"
J7Ofmm8AAAAJ,f4KcEYUAAAAJ,Rodolfo Barbá,Dirección de correo verificada de userena.cl,"Astronomer, Universidad de La Serena"
J7Ofmm8AAAAJ,ptdDht4AAAAJ,MARIANO  DOMINGUEZ,Dirección de correo verificada de unc.edu.ar,IATE OAC & CONICET
J7Ofmm8AAAAJ,cz4SI7gAAAAJ,Elizabeth Gonzalez,Dirección de correo verificada de unc.edu.ar,"Assistant Researcher, Instituto de Astronomía Teórica y Experimental"
J7Ofmm8AAAAJ,jP2AQjoAAAAJ,Martin Beroiz,Dirección de correo verificada de caltech.edu,California Institute of Technology
ehdqIeEAAAAJ,hQjgBSgAAAAJ,Donna M. MacCallum,Dirección de correo verificada de abdn.ac.uk,University of Aberdeen
-AjeGuUAAAAJ,bjoiCq4AAAAJ,David Cuadra Martínez,Dirección de correo verificada de uda.cl,Universidad de Atacama
-AjeGuUAAAAJ,5h0ULCAAAAAJ,José Sandoval-Díaz (ORCID: 0000-00...,Dirección de correo verificada de ubiobio.cl,"Escuela de Psicología, Universidad del Bio Bio"
-AjeGuUAAAAJ,4flzn3cAAAAJ,Daniel I. Pérez-Zapata,Dirección de correo verificada de student.bham.ac.uk,"University of Birmingham, United Kingdom."
-AjeGuUAAAAJ,O0ZYy0AAAAAJ,cristian oyanadel,Dirección de correo verificada de udec.cl,Universidad de Concepción
-AjeGuUAAAAJ,wLap3JEAAAAJ,Gabriel Felipe Retuert Roe,Dirección de correo verificada de userena.cl,"Profesor de Psicología, Universidad de La Serena"
-AjeGuUAAAAJ,35NoR4EAAAAJ,René van der Veer,Dirección de correo verificada de fsw.leidenuniv.nl,Emeritus professor at Leiden University
-AjeGuUAAAAJ,5l04L_oAAAAJ,Paulo Barraza,Dirección de correo verificada de ciae.uchile.cl,CIAE Universidad de Chile
-AjeGuUAAAAJ,uJE0PtEAAAAJ,Marigen Narea,Dirección de correo verificada de uc.cl,Pontificia Universidad Católica de Chile
-AjeGuUAAAAJ,JHw1BegAAAAJ,Susana Frisancho,Dirección de correo verificada de pucp.edu.pe,Pontificia Universidad Católica del Perú
-AjeGuUAAAAJ,_uXE_mkAAAAJ,Luise von Keyserlingk,Dirección de correo verificada de tu-dortmund.de,TU Dortmund University
-AjeGuUAAAAJ,uMyG9I4AAAAJ,Diego Mora Dabancens,Dirección de correo verificada de uda.cl,"Departamento de Psicología, Facultad de Humanidades y Educación, Universidad de Atacama"
-AjeGuUAAAAJ,YzPzWLwAAAAJ,Mauricio Ivan Gonzalez Arias,Dirección de correo verificada de userena.cl,Académico Departamento de Psicología Universidad de La Serena
-AjeGuUAAAAJ,MGhMdA0AAAAJ,Rada Jancic Mogliacci,Dirección de correo verificada de univ-eiffel.fr,Université Gustave Eiffel
-AjeGuUAAAAJ,GbPzQb0AAAAJ,Jorge Rene Catalan Ahumada,Dirección de correo verificada de userena.cl,"Académico de Psicología, Universidad de La Serena"
-AjeGuUAAAAJ,-s9yGz0AAAAJ,Juan Rubio González,Dirección de correo verificada de uda.cl,Universidad de Atacama
-AjeGuUAAAAJ,XXZWeuEAAAAJ,Niki Rust,Dirección de correo verificada de ncl.ac.uk,Consultant
-AjeGuUAAAAJ,ayqeBckAAAAJ,Solange Vargas López,Dirección de correo verificada de userena.cl,Iniciativa de investigación intercentros “Cambios socio-ecológicos en ecosistemas en transición por
-AjeGuUAAAAJ,NheauVsAAAAJ,Luciene Regina Paulino Tognetta,Dirección de correo verificada de fclar.unesp.br,Professor da Faculdade de Ciências e Letras Unesp Araraquara
-AjeGuUAAAAJ,IMPMsloAAAAJ,Francisco Herrera-Durán,Dirección de correo verificada de userena.cl,Universidad Central de Chile
onjLq9AAAAAJ,ROCQFAUAAAAJ,Mauricio Castillo-Vergara,Dirección de correo verificada de uahurtado.cl,"Facultad de Economía y Negocios, Universidad Alberto Hurtado"
onjLq9AAAAAJ,JfWXVVgAAAAJ,J. Ángel Velázquez-Iturbide,Dirección de correo verificada de urjc.es,Universidad Rey Juan Carlos
onjLq9AAAAAJ,MA4wTfIAAAAJ,Christian Acuña-Opazo,Dirección de correo verificada de userena.cl,Depto. Ingeniería Industrial - Universidad de La Serena
onjLq9AAAAAJ,zUMMuRYAAAAJ,Cristian Geldes,Dirección de correo verificada de uahurtado.cl,Universidad Alberto Hurtado
KauMeU4AAAAJ,M8xFKNIAAAAJ,Alvaro Pina-Stranger,Dirección de correo verificada de univ-rennes1.fr,"Université de Rennes 1, CREM-CNRS"
KauMeU4AAAAJ,r3QVMWYAAAAJ,Germán Varas Espinoza,Dirección de correo verificada de userena.cl,Pontificia Universidad Católica de Chile
KauMeU4AAAAJ,Vgn40G0AAAAJ,Carlos González Vergara,Dirección de correo verificada de uc.cl,"Professor of Linguistics, Pontificia Universidad Católica de Chile"
KauMeU4AAAAJ,26ylXU4AAAAJ,Karem Squadrito,Dirección de correo verificada de uc.cl,Universidad Autónoma de Madrid
KauMeU4AAAAJ,XAYwCmgAAAAJ,Jose O. Valderrama,Dirección de correo verificada de userena.cl,"Centro de Información Tecnológica (CIT), La Serena-Chile"
KauMeU4AAAAJ,YDVgsMAAAAAJ,Clay Spinuzzi,Dirección de correo verificada de utexas.edu,"Professor of Rhetoric and Writing, University of Texas at Austin"
KauMeU4AAAAJ,A1dh8HEAAAAJ,Scott Sadowsky,Dirección de correo verificada de uc.cl,Catholic University of Chile
L5bep3EAAAAJ,R9ntLLQAAAAJ,Ernesto Gianoli,Dirección de correo verificada de userena.cl,"Professor, Universidad de La Serena, Chile"
L5bep3EAAAAJ,rZD2iBYAAAAJ,Andrea Loayza,Dirección de correo verificada de userena.cl,Associate Professor
L5bep3EAAAAJ,XEDUFHkAAAAJ,Cristian Salgado-Luarte,Dirección de correo verificada de userena.cl,Universidad de La Serena
L5bep3EAAAAJ,O99LeZsAAAAJ,Gisela C. Stotz,Dirección de correo verificada de unab.cl,Universidad Andrés Bello
L5bep3EAAAAJ,U2ypDCQAAAAJ,Francisco A. Squeo,Dirección de correo verificada de userena.cl,Profesor Titular (ULS)
L5bep3EAAAAJ,wKWMeUoAAAAJ,Danny E. Carvajal,Dirección de correo verificada de userena.cl,Universidad Austral de Chile
L5bep3EAAAAJ,rbm0YeIAAAAJ,Alfredo Saldaña,Dirección de correo verificada de udec.cl,"Depto. de Botánica, Universidad de Concepción, Chile."
L5bep3EAAAAJ,iAv6IEIAAAAJ,Rafaella Canessa,Dirección de correo verificada de uc.cl,University of Tübingen
L5bep3EAAAAJ,r7zoiPkAAAAJ,D.M. Larrea-Alcázar,Dirección de correo verificada de conservacionamazonica.org.bo,"ACEAA-Conservacion Amazonica, La Paz, Bolivia"
L5bep3EAAAAJ,79xufdAAAAAJ,Luis Pacheco,Dirección de correo verificada de fcpn.edu.bo,Universidad Mayor de San Andrés
L5bep3EAAAAJ,jzt0JowAAAAJ,Marco A. Molina-Montenegro,Dirección de correo verificada de utalca.cl,Full Professor
L5bep3EAAAAJ,Rlh3Pm4AAAAJ,Sandra M Durán,Dirección de correo verificada de umn.edu,University of Minnesota
L5bep3EAAAAJ,ngY7I_MAAAAJ,Arturo Sanchez-Azofeifa,Dirección de correo verificada de ualberta.ca,Earth & Atmospheric Sciences Dept. University of Alberta
L5bep3EAAAAJ,iqRsIJYAAAAJ,Carmelo Peralta Rivero,Dirección de correo verificada de cipca.org.bo,Centro de Investigación y Promoción del Campesinado
L5bep3EAAAAJ,JSW7sBUAAAAJ,Myriam Ramirez,Dirección de correo verificada de userena.cl,PhD. University of La Serena. Chile
L5bep3EAAAAJ,PJxUrloAAAAJ,Ian S. Acuña-Rodríguez,Dirección de correo verificada de ecotropics.org,Ecotropics Foundation
L5bep3EAAAAJ,puMpfaEAAAAJ,Jaime Madrigal González,Dirección de correo verificada de usal.es,Universidad de Salamanca
L5bep3EAAAAJ,grX5hcgAAAAJ,Milagros A. Jimenez,Dirección de correo verificada de bio.puc.cl,PUC
L5bep3EAAAAJ,OeReb84AAAAJ,Mónica Moraes R.,Dirección de correo verificada de fcpn.edu.bo,"Universidad UMSA, Instituto de Ecología, Herbario"
L5bep3EAAAAJ,r3NoDcMAAAAJ,Gerardo R. Camilo,Dirección de correo verificada de slu.edu,"Professor of Biology, Saint Louis University"
gpOnFmcAAAAJ,YCVsOcoAAAAJ,Alfredo Hugueth Alba,Dirección de correo verificada de cuc.edu.co,"Entrepreneurship Professor, Universidad de la Costa"
gpOnFmcAAAAJ,KNY_9OEAAAAJ,Reynier Israel Ramírez Molina (https://...,Dirección de correo verificada de cuc.edu.co,Profesor e Investigador Tiempo Completo de la Universidad de la Costa.
gpOnFmcAAAAJ,M5G0VuMAAAAJ,Gladis Isabel Ruiz-Gomez,Dirección de correo verificada de unisimonbolivar.edu.co,Universidad Simon Bolivar
gpOnFmcAAAAJ,ROCQFAUAAAAJ,Mauricio Castillo-Vergara,Dirección de correo verificada de uahurtado.cl,"Facultad de Economía y Negocios, Universidad Alberto Hurtado"
qB8X6sUAAAAJ,XHEBHIsAAAAJ,Guillermo Rodrigo Petzold Maldonado,Dirección de correo verificada de ubiobio.cl,Universidad del Bio-Bio
qB8X6sUAAAAJ,6DsNaCYAAAAJ,María Estuardo Guerra Valle,Dirección de correo verificada de egresados.ubiobio.cl,Universidad del Bío-Bío
qB8X6sUAAAAJ,Kb6AbsgAAAAJ,Nidia Casas Forero,Dirección de correo verificada de unbosque.edu.co,Docente Universidad El Bosque
qB8X6sUAAAAJ,xmvxYnoAAAAJ,Pawan Singh Takhar,Dirección de correo verificada de illinois.edu,"Professor, University of Illinois at Urbana-Champaign"
qB8X6sUAAAAJ,rhyTTJgAAAAJ,Eduardo Hernandez,Dirección de correo verificada de upc.edu,Professor at Technical University of Catalonia
qB8X6sUAAAAJ,kwhr96YAAAAJ,J.A. Gallegos-Infante,Dirección de correo verificada de itdurango.edu.mx,Professor Instituto Tecnologico de Durango
qB8X6sUAAAAJ,wIkVp2MAAAAJ,nuria-elizabeth rocha-guzmán,Dirección de correo verificada de itdurango.edu.mx,"Professor of Functional Foods, ITD"
YzPzWLwAAAAJ,YJn3IhMAAAAJ,Alexis Araya Cortés,Dirección de correo verificada de ucentral.cl,Universidad Central de Chile
YzPzWLwAAAAJ,ZkkmDAIAAAAJ,Agustín Martínez-Molina,Dirección de correo verificada de agustinmartinez.es,Universidad Autónoma de Madrid
YzPzWLwAAAAJ,zw3O3w4AAAAJ,Susan Galdames,Dirección de correo verificada de userena.cl,Académica de Psicología Universidad de La Serena
YzPzWLwAAAAJ,FgrbovAAAAAJ,Alfonso Urzúa,Dirección de correo verificada de ucn.cl,"Escuela de Psicología, Universidad Católica del Norte"
YzPzWLwAAAAJ,-AjeGuUAAAAJ,PABLO J. CASTRO-CARRASCO,Dirección de correo verificada de userena.cl,"Departamento de Psicología, Universidad de La Serena, Chile"
8jv1iEgAAAAJ,9Po9OJgAAAAJ,Ramón López Facal,Dirección de correo verificada de usc.es,Profesor Titular de Didactica de las Ciencias Sociales de la Universidad de Santiago Compostela
8jv1iEgAAAAJ,bvGAGMgAAAAJ,María Sánchez Agustí,Dirección de correo verificada de sdcs.uva.es,Profesora Titular de Didactica de las Ciencias Sociales.Universidad de Valladolid
-mLyPP8AAAAJ,rRpnAgkAAAAJ,Eduardo Ravanal Moreno,Dirección de correo verificada de santotomas.cl,Universidad Santo Tomás
-mLyPP8AAAAJ,B0JgDB4AAAAJ,Pablo A. Marquet,Dirección de correo verificada de bio.puc.cl,"Professor of Ecology, Pontificia Universidad Catolica de Chile & The Santa Fe Institute"
-mLyPP8AAAAJ,9e7gfZwAAAAJ,Camilo Mattoni,Dirección de correo verificada de unc.edu.ar,"Professor at Universidad Nacional de Córdoba, Argentina"
-mLyPP8AAAAJ,hvNiAtUAAAAJ,Julio Roberto Gutierrez Camus,Dirección de correo verificada de userena.cl,"Profesor Titular, Universidad de La Serena"
-mLyPP8AAAAJ,VtdDdG0AAAAJ,Raúl Briones,Dirección de correo verificada de arauco.cl,Bioforest
-mLyPP8AAAAJ,L4OD0xQAAAAJ,Elias Francisco Amortegui Cedeño,Dirección de correo verificada de usco.edu.co,Docente de Planta Tiempo Completo. Universidad Surcolombiana
-mLyPP8AAAAJ,QRRSCXAAAAAJ,Jaime R. Rau,Dirección de correo verificada de ulagos.cl,"Profesor Titular, Depto. de Ciencias Biológicas & Biodiversidad, Universidad de Los Lagos, Campus"
-mLyPP8AAAAJ,zH6yxRMAAAAJ,Sonia Elizabeth Montecinos Geisse,Dirección de correo verificada de userena.cl,smontecinos@userena.cl
-mLyPP8AAAAJ,MytI_Y4AAAAJ,VALERIA M. CABELLO GONZALEZ,Dirección de correo verificada de uc.cl,Pontificia Universidad Católica de Chile
qF84uukAAAAJ,BevCyxkAAAAJ,Renzo Vargas-Rodríguez,Dirección de correo verificada de userena.cl,Universidad de La Serena-ULS/ Instituto de Filosofía y Ciencias de la Complejidad-IFICC
qF84uukAAAAJ,qDQjTukAAAAJ,Ruby Olivares-Donoso,Dirección de correo verificada de uc.cl,"Facultad de Educación, Pontificia Universidad Católica de Chile"
qF84uukAAAAJ,AUh2tRoAAAAJ,Sebastian K. Herzog,Dirección de correo verificada de armonia-bo.org,"Scientific Director, Asociacion Armonia, Bolivia"
qF84uukAAAAJ,BKYJPTgAAAAJ,Rodrigo W. Soria-Auza,Dirección de correo verificada de armonia-bo.org,"Executive Director, Asociación Armonía, Cochabamba, Bolivia"
qF84uukAAAAJ,UcBo6UEAAAAJ,ALEJANDRO URZUA,Dirección de correo verificada de usach.cl,Profesor de Química Universidad de santiago de Chile
qF84uukAAAAJ,viScuJQAAAAJ,Erik Matthysen,Dirección de correo verificada de ua.ac.be,Antwerp
qF84uukAAAAJ,--xVo3EAAAAJ,Carlos F. Pinto,Dirección de correo verificada de abulafia.ciencias.uchile.cl,Universidad de Chile
qF84uukAAAAJ,RGd3tLUAAAAJ,Angéline Bertin,Dirección de correo verificada de userena.cl,"Professor of Biology, Universidad de La Serena"
qF84uukAAAAJ,SQk5SsIAAAAJ,Daniel Aguilera-Olivares,Dirección de correo verificada de udec.cl,Universidad de Concepción
qF84uukAAAAJ,RzGUtR8AAAAJ,Paulina Gonzalez,Dirección de correo verificada de uautonoma.cl,Universidad Autonoma de Chile
_-e3ImsAAAAJ,R9ntLLQAAAAJ,Ernesto Gianoli,Dirección de correo verificada de userena.cl,"Professor, Universidad de La Serena, Chile"
_-e3ImsAAAAJ,ymyYqB4AAAAJ,Yadvinder Malhi,Dirección de correo verificada de ouce.ox.ac.uk,"Professor of Ecosystem Science, University of Oxford"
_-e3ImsAAAAJ,EjvA3x4AAAAJ,Javier Eduardo Silva Espejo,Dirección de correo verificada de userena.cl,Universidad de La Serena
_-e3ImsAAAAJ,4Uo5mpgAAAAJ,Roberta E. Martin,Dirección de correo verificada de asu.edu,Arizona State University
_-e3ImsAAAAJ,sPyLa9oAAAAJ,Gregory P. Asner,Dirección de correo verificada de asu.edu,ASU Center for Global Discovery and Conservation Science
_-e3ImsAAAAJ,dBXZyvIAAAAJ,Dan Metcalfe,Dirección de correo verificada de umu.se,Umeå University
_-e3ImsAAAAJ,5I08jB8AAAAJ,Christopher E Doughty,Dirección de correo verificada de nau.edu,Northern Arizona University
_-e3ImsAAAAJ,gZh5NCkAAAAJ,NORMA SALINAS REVILLA,Dirección de correo verificada de pucp.pe,Pontificia Universidad Catolica del Peru
_-e3ImsAAAAJ,VseAaisAAAAJ,Raul Tupayachi,Dirección de correo verificada de bosquesperu.org,"Department of Global Ecology, Carnegie Institution for Science"
_-e3ImsAAAAJ,YTaS2o4AAAAJ,Elsa Youngsteadt,Dirección de correo verificada de ncsu.edu,NCSU
_-e3ImsAAAAJ,qwXji-8AAAAJ,Coby Schal,Dirección de correo verificada de ncsu.edu,"North Carolina State University, Rutgers University, University of Massachusetts"
_-e3ImsAAAAJ,rZD2iBYAAAAJ,Andrea Loayza,Dirección de correo verificada de userena.cl,Associate Professor
_-e3ImsAAAAJ,L5bep3EAAAAJ,Rodrigo S Rios,Dirección de correo verificada de userena.cl,"Associate professor, Universidad de La Serena"
_-e3ImsAAAAJ,_NCgXQYAAAAJ,Nelson Mazón,Dirección de correo verificada de iniap.gob.ec,"Investigador, INIAP"
_-e3ImsAAAAJ,LFTAL14AAAAJ,Philip C Stevenson,Dirección de correo verificada de kew.org,Professor of Plant Chemistry & NERC Merit Researcher Royal Botanic Gardens Kew
_-e3ImsAAAAJ,7eLHE40AAAAJ,Diego Fernando Mina Chalá,Dirección de correo verificada de pucesi.edu.ec,"Master's student, research associate IRD Ecuador"
_-e3ImsAAAAJ,83dC_6wAAAAJ,Tim Chancellor,Dirección de correo verificada de gre.ac.uk,Visiting Fellow
_-e3ImsAAAAJ,BWox9YYAAAAJ,Víctor Manuel Escobedo Echeverría,Dirección de correo verificada de utalca.cl,Universidad de Talca
z5yNDbEAAAAJ,KauMeU4AAAAJ,Omar Sabaj Meruane,Dirección de correo verificada de userena.cl,Universidad de La Serena
z5yNDbEAAAAJ,PHAib6MAAAAJ,RENE VENEGAS VELÁSQUEZ,Dirección de correo verificada de pucv.cl,Pontificia Universidad Católica de Valparaíso
z5yNDbEAAAAJ,Xya8NEMAAAAJ,JUAN DAVID MARTINEZ HINCAPIE,Dirección de correo verificada de udea.edu.co,Universidad de Antioquia
QGnIJQona2sC,GJZ1k1kAAAAJ,Debora Fino,Dirección de correo verificada de polito.it,"Professore di Impianti Chimici, Politecnico di Torino"
QGnIJQona2sC,Y-9m-nQAAAAJ,Daniele Marchisio,Dirección de correo verificada de polito.it,DISAT - Politecnico di Torino
BevCyxkAAAAJ,qF84uukAAAAJ,Maria Alejandra Troncoso Joffre,Dirección de correo verificada de userena.cl,Universidad de La Serena
BevCyxkAAAAJ,qDQjTukAAAAJ,Ruby Olivares-Donoso,Dirección de correo verificada de uc.cl,"Facultad de Educación, Pontificia Universidad Católica de Chile"
BevCyxkAAAAJ,U2ypDCQAAAAJ,Francisco A. Squeo,Dirección de correo verificada de userena.cl,Profesor Titular (ULS)
BevCyxkAAAAJ,8P6UDlAAAAAJ,Luis F. Aguirre,Dirección de correo verificada de fcyt.umss.edu.bo,"Director, Centro de Biodiversidad y Genética, Universidad Mayor de San Simón"
BevCyxkAAAAJ,q9oUJekAAAAJ,Francisco E. Fontúrbel,Dirección de correo verificada de pucv.cl,"Facultad de Ciencias, Pontificia Universidad Católica de Valparaíso"
ISYRRPMAAAAJ,UPRoSFEAAAAJ,antje blumenthal,Dirección de correo verificada de uq.edu.au,"Research Center Borstel, Weill Cornell Medical College, University of Queensland"
ISYRRPMAAAAJ,Pm0cA-cAAAAJ,Bala Venkatesh,Dirección de correo verificada de health.qld.gov.au,University of Queensland
ISYRRPMAAAAJ,ocQDhzUAAAAJ,Mercedes Natalia López Nitsche,Dirección de correo verificada de uchile.cl,Académica Universidad de Chile
ISYRRPMAAAAJ,AWe-qKcAAAAJ,Flavio Andres Salazar Onfray,Dirección de correo verificada de u.uchile.cl,"Profesor de Inmunología, Universidad de Chile"
ISYRRPMAAAAJ,3cNH6yEAAAAJ,kobus ungerer,Dirección de correo verificada de health.qld.gov.au,Director Chemical Pathology
ISYRRPMAAAAJ,9ZYGlAoAAAAJ,MARIA CARMEN MOLINA SAMPAYO,Dirección de correo verificada de med.uchile.cl,"Profesor de Inmunología, Facultad de Medicina, Universidad de Chile"
ISYRRPMAAAAJ,Yrpp4TQAAAAJ,Antonio E. Serrano,Dirección de correo verificada de horizondiscovery.com,Horizon Discovery
ISYRRPMAAAAJ,NK44AZoAAAAJ,Juan C. Aguillon,Dirección de correo verificada de med.uchile.cl,Professor of Immunology at University of Chile
ISYRRPMAAAAJ,EsMw1P0AAAAJ,Dimitrios Vagenas,Dirección de correo verificada de qut.edu.au,"Biostatistician, Head of Research Methods Group, Institute of Health and Biomedical Innovation, Queensland University of Technology"
ISYRRPMAAAAJ,S0ZmfC8AAAAJ,Matthew Sweet,Dirección de correo verificada de imb.uq.edu.au,"Institute for Molecular Bioscience (IMB), The University of Queensland"
ISYRRPMAAAAJ,1G5GenAAAAAJ,Professor Kate Schroder,Dirección de correo verificada de imb.uq.edu.au,"Clarivate Highly Cited Researcher; Lab Head, Institute for Molecular Bioscience, University of QLD"
ISYRRPMAAAAJ,3rPXpzwAAAAJ,Thomas E Schultz,Dirección de correo verificada de uq.edu.au,University of Queensland
ISYRRPMAAAAJ,jku2G4MAAAAJ,Irán Fernández Torres,Dirección de correo verificada de cnic.edu.cu,Microbiologo. Centro de Investigaciones del Ozono
-6TWG-4AAAAJ,gpOnFmcAAAAJ,César Espíndola Arellano,Dirección de correo verificada de userena.cl,"Univ. de La Serena, Fac. de Ingeniería, Dpto. de Ing. Industrial, Casilla 554, La Serena-Chile"
wLap3JEAAAAJ,-AjeGuUAAAAJ,PABLO J. CASTRO-CARRASCO,Dirección de correo verificada de userena.cl,"Departamento de Psicología, Universidad de La Serena, Chile"
hOoCqX4AAAAJ,szI1px4AAAAJ,Francisco Guillen-Gonzalez,Dirección de correo verificada de us.es,Universidad de Sevilla
hOoCqX4AAAAJ,cMKza3UAAAAJ,Enrique Fernandez Cara,Dirección de correo verificada de us.es,"Profesor de Matemáticas, Universidad de Sevilla"
hOoCqX4AAAAJ,lsgiTBQAAAAJ,Jose Luiz Boldrini,Dirección de correo verificada de unicamp.br,"Researcher of Mathematics, State University of Campinas, Brazil"
hOoCqX4AAAAJ,1o3Xg0cAAAAJ,Cristian Chávez Toro,Dirección de correo verificada de userena.cl,PhD. Mechanical Engineering
hOoCqX4AAAAJ,-do-rLwAAAAJ,R. A. Ananias,Dirección de correo verificada de ubiobio.cl,Universidad del Bio-Bio
hOoCqX4AAAAJ,uFldLV4AAAAJ,J. Rafael Rodríguez-Galván,Dirección de correo verificada de uca.es,Professor of Mathematics. Universidad de Cádiz
hOoCqX4AAAAJ,2B5Iz-gAAAAJ,Anderson L. A. de Araujo,Dirección de correo verificada de ufv.br,"Professor de Matemática, Universidade Federal de Viçosa"
hOoCqX4AAAAJ,_rhKwDQAAAAJ,Élder Jesús Villamizar-Roa,Dirección de correo verificada de uis.edu.co,"Universidad Industrial de Santander, Colombia"
hOoCqX4AAAAJ,vLjigV0AAAAJ,Ernesto Castillo,Dirección de correo verificada de usach.cl,Universidad de Santiago de Chile
jC3oQzoAAAAJ,tw1__2wAAAAJ,Ericson D. Lopez,Dirección de correo verificada de epn.edu.ec,"Quito Astronomical Observatory, National Polytechnic School"
z4laov0AAAAJ,_ErCUIEAAAAJ,José Luis Lupiáñez Gómez,Dirección de correo verificada de ugr.es,"Profesor de Didáctica de la Matemática, FQM193, Universidad de Granada"
z4laov0AAAAJ,RVAGCMAAAAAJ,Rodrigo Fernando Castillo Robledo,Dirección de correo verificada de userena.cl,Universidad de La Serena
z4laov0AAAAJ,g039UoYAAAAJ,Jocelyn D. Pallauta,Dirección de correo verificada de correo.ugr.es,Estudiante Doctorado Universidad de Granada
z4laov0AAAAJ,BzgQStsAAAAJ,Isidoro Segovia Alex,Dirección de correo verificada de ugr.es,"Profesor de Didáctica de la Matemática, Universidad de Granada"
z4laov0AAAAJ,8qfOR3QAAAAJ,Eduardo Hamuy P.,Dirección de correo verificada de uchile.cl,"Assistant Professor, Department of Education, Universidad de Chile"
eBFjH4IAAAAJ,XsznzSgAAAAJ,Luis Bengochea,Dirección de correo verificada de uah.es,Profesor Honorífico de Ciencias de la Computación. Universidad de Alcalá
eBFjH4IAAAAJ,yW745jgAAAAJ,Elena Campo-Montalvo,Dirección de correo verificada de uah.es,Universidad de Alcalá
LyIGx10AAAAJ,zQnsYnsAAAAJ,Karen Rodríguez Núñez,Dirección de correo verificada de ucn.cl,Doctorado en Ingeniería en Alimentos y Bioprocesos
RVAGCMAAAAAJ,mB0TWpEAAAAJ,Hugo Tapia Silva,Dirección de correo verificada de ucm.cl,Universidad Católica del Maule
RVAGCMAAAAAJ,z4laov0AAAAJ,Daniela Olivares Díaz,Dirección de correo verificada de userena.cl,Universidad de La Serena
YBvIuM0AAAAJ,nPseM4EAAAAJ,Claudio Aguayo,Dirección de correo verificada de aut.ac.nz,"Senior Digital Innovation Advisor, Faculty of Māori and Indigenous Development, Auckland University"
YBvIuM0AAAAJ,CGzO3AwAAAAJ,Jorge Soto-Andrade,Dirección de correo verificada de uchile.cl,University of Chile
YBvIuM0AAAAJ,q7HbZQ4AAAAJ,Tomas Veloz,Dirección de correo verificada de vub.ac.be,"Postdoctoral Researcher, Vrije Universiteit Brussel"
YBvIuM0AAAAJ,t6KsoysAAAAJ,Nerea Aldunate Ruff,Dirección de correo verificada de uc.cl,Pontificia Universidad Católica de Chile
K6KYVa8AAAAJ,OLjBmM8AAAAJ,Rodrigo Ruay Garcés,Dirección de correo verificada de userena.cl,académico Universidad de la Serena
K6KYVa8AAAAJ,mB0TWpEAAAAJ,Hugo Tapia Silva,Dirección de correo verificada de ucm.cl,Universidad Católica del Maule
A5qzxzkAAAAJ,Bv7yZ8oAAAAJ,Haylen Perines,Dirección de correo verificada de campusviu.es,"Universidad Internacional de Valencia, España"
zyWsZjUAAAAJ,Si_rL4gAAAAJ,Edwin Andres Quintero Salazar,Dirección de correo verificada de utp.edu.co,"Profesor Titular, Facultad de Ingenierías, Universidad Tecnológica de Pereira"
